pair,primary,backup,Tp_s,Tb_s,margin_s
1,1,6,0.235519282018011,0.435861461580568,0.200342179562556
2,2,4,0.23225694057065,0.432716962057078,0.200460021486428
3,2,16,0.23225694057065,0.47560074898384,0.24334380841319
4,3,1,0.275246661734911,0.475443821334483,0.200197159599572
5,3,16,0.275246661734911,0.47560074898384,0.200354087248929
6,4,7,0.255108099038163,0.477706134948311,0.222598035910148
7,4,12,0.255108099038163,0.479876061856594,0.224767962818431
8,4,20,0.255108099038163,0.480017164896237,0.224909065858074
9,5,2,0.307370349016928,0.523355444021392,0.215985095004464
10,6,8,0.292616512778265,0.492792200066891,0.200175687288626
11,6,10,0.292616512778265,0.507449671144492,0.214833158366228
12,7,5,0.303597282794083,0.503687435338082,0.200090152543999
13,7,10,0.303597282794083,0.507449671144492,0.203852388350409
14,8,3,0.273915439740921,0.474868554999775,0.200953115258854
15,8,12,0.273915439740921,0.479876061856594,0.205960622115672
16,8,20,0.273915439740921,0.480017164896237,0.206101725155315
17,9,5,0.281132096594351,0.503687435338082,0.222555338743731
18,9,8,0.281132096594351,0.492792200066891,0.21166010347254
19,10,14,0.268926020442963,0.470930795282642,0.202004774839679
20,11,3,0.260575232868229,0.474868554999775,0.214293322131546
21,11,7,0.260575232868229,0.477706134948311,0.217130902080083
22,11,20,0.260575232868229,0.480017164896237,0.219441932028008
23,12,13,0.274042600372735,0.474300796167195,0.20025819579446
24,12,24,0.274042600372735,0.474494416107838,0.200451815735103
25,13,9,0.301553345526854,0.501872003488452,0.200318657961598
26,14,11,0.240342162108382,0.440822305183176,0.200480143074794
27,14,24,0.240342162108382,0.474494416107838,0.234152253999456
28,15,1,0.232557538273352,0.475443821334483,0.242886283061131
29,15,4,0.232557538273352,0.432716962057078,0.200159423783726
30,16,18,0.268077308464646,0.509131185181581,0.241053876716934
31,16,26,0.268077308464646,0.474692071184366,0.20661476271972
32,17,15,0.266258631859692,0.509146671358029,0.242888039498337
33,17,26,0.266258631859692,0.474692071184366,0.208433439324674
34,18,19,0.214234681684007,0.487030261377121,0.272795579693114
35,18,22,0.214234681684007,0.443905424839667,0.22967074315566
36,18,30,0.214234681684007,0.481863890813374,0.267629209129367
37,19,3,0.274574060403082,0.474868554999775,0.200294494596692
38,19,7,0.274574060403082,0.477706134948311,0.203132074545229
39,19,12,0.274574060403082,0.479876061856594,0.205302001453511
40,20,17,0.235998639955348,0.481863698773451,0.245865058818103
41,20,22,0.235998639955348,0.443905424839667,0.207906784884319
42,20,30,0.235998639955348,0.481863890813374,0.245865250858026
43,21,17,0.28170889483975,0.481863698773451,0.200154803933701
44,21,19,0.28170889483975,0.487030261377121,0.205321366537371
45,21,30,0.28170889483975,0.481863890813374,0.200154995973624
46,22,23,0.257534436216749,0.538940977160938,0.281406540944189
47,22,34,0.257534436216749,0.466906673530443,0.209372237313694
48,23,11,0.23488397690407,0.440822305183176,0.205938328279106
49,23,13,0.23488397690407,0.629555919535915,0.394671942631845
50,24,21,0.26658110542173,12.9397649706063,12.6731838651846
51,24,34,0.26658110542173,0.466906673530443,0.200325568108712
52,25,15,0.308859284482185,0.509146671358029,0.200287386875844
53,25,18,0.308859284482185,0.509131185181581,0.200271900699396
54,26,28,0.286428507374777,0.522442302794502,0.236013795419725
55,26,36,0.286428507374777,0.533842250244968,0.24741374287019
56,27,25,0.333704445110331,0.537187669447687,0.203483224337356
57,27,36,0.333704445110331,0.533842250244968,0.200137805134636
58,28,29,0.335808035924595,0.53619928109136,0.200391245166765
59,28,32,0.335808035924595,0.536156120487976,0.200348084563382
60,29,17,0.243832630720265,0.481863698773451,0.238031068053186
61,29,19,0.243832630720265,0.487030261377121,0.243197630656856
62,29,22,0.243832630720265,0.443905424839667,0.200072794119402
63,30,27,0.291024449257765,0.491420668204754,0.20039621894699
64,30,32,0.291024449257765,0.536156120487976,0.245131671230212
65,31,27,0.269075201972291,0.491420668204754,0.222345466232463
66,31,29,0.269075201972291,0.53619928109136,0.267124079119069
67,32,33,0.29063837559895,0.510484193479519,0.21984581788057
68,32,42,0.29063837559895,0.541558351619708,0.250919976020758
69,33,21,0.336680458343831,0.537288153199426,0.200607694855594
70,33,23,0.336680458343831,0.538940977160938,0.202260518817107
71,34,31,0.341122018222519,0.541223306111692,0.200101287889173
72,34,42,0.341122018222519,0.541558351619708,0.200436333397189
73,35,25,0.322000392433956,0.537187669447687,0.215187277013731
74,35,28,0.322000392433956,0.522442302794502,0.200441910360546
75,36,38,0.288885525241872,0.48940551673332,0.200519991491447
76,37,35,0.332839700441161,0.533940832241215,0.201101131800054
77,38,40,0.371055102176752,0.5712222019487,0.200167099771948
78,39,37,0.354664003206003,0.554825567068469,0.200161563862465
79,40,41,0.345081675304988,0.545285290143963,0.200203614838975
80,41,31,0.310362266015879,0.541223306111692,0.230861040095813
81,41,33,0.310362266015879,0.510484193479519,0.200121927463641
82,42,39,0.267805125145585,0.468095702573075,0.20029057742749
