relay,TMS,PS
1,0.1007,1.2368
2,0.1000,1.0263
3,0.1001,2.0789
4,0.1008,1.2368
5,0.1011,2.1842
6,0.1011,2.0789
7,0.1000,2.1842
8,0.1017,1.5526
9,0.1016,2.0789
10,0.1000,1.7632
11,0.1026,1.2368
12,0.1000,1.4474
13,0.1003,2.1842
14,0.1000,1.1316
15,0.1010,1.0263
16,0.1002,1.4474
17,0.1010,1.7632
18,0.1026,1.0263
19,0.1000,2.0789
20,0.1000,1.3421
21,0.1658,0.5000
22,0.1016,1.6579
23,0.1000,1.1316
24,0.1009,1.4474
25,0.1000,2.0789
26,0.1000,1.7632
27,0.1016,2.0789
28,0.1044,2.5000
29,0.1011,1.5526
30,0.1021,1.9737
31,0.1005,1.8684
32,0.1024,1.5526
33,0.1001,2.5000
34,0.1070,2.5000
35,0.1000,2.0789
36,0.1013,1.8684
37,0.1025,2.5000
38,0.1053,2.5000
39,0.1018,2.5000
40,0.1037,2.5000
41,0.1038,2.5000
42,0.1015,1.5526
